{
    "loss": 1.8677383661270142,
    "accuracy": 0.7068965435028076
}